module	tier	status	value_model	apqc	models	routes	priority
test_orm	test	todo	support	13.0	153	0	306
test_mail	test	todo	support	13.0	47	0	94
test_import_export	test	todo	support	13.0	35	0	70
test_testing_utilities	test	todo	support	13.0	33	0	66
test_website	test	todo	support	13.0	5	37	47
test_http	test	todo	support	13.0	2	34	38
mail	deep	done	support	9.4	14	8	36
base	deep	done	support	8.0	17	0	34
test_read_group	test	todo	support	13.0	17	0	34
website	deep	done	network	3.0	8	16	32
account_payment	deep	done	support	9.0	12	5	29
html_editor	deep	done	support	8.0	7	15	29
stock	deep	done	chain	4.0	14	1	29
pos_loyalty	deep	done	chain	3.0	14	0	28
pos_sale	deep	done	chain	3.0	14	0	28
mrp_subcontracting	deep	done	chain	4.3	11	3	25
account	deep	done	support	9.0	10	4	24
mass_mailing_sms	deep	done	network	3.0	11	2	24
test_base_automation	test	todo	support	13.0	12	0	24
account_peppol	deep	done	network	9.0	9	4	22
hr_holidays_attendance	deep	done	support	7.0	11	0	22
mrp_account	deep	done	support	9.0	11	0	22
pos_hr	deep	done	chain	3.0	11	0	22
project	deep	done	shop	5.0	8	6	22
stock_dropshipping	deep	done	chain	4.0	11	0	22
test_mass_mailing	test	todo	network	3.0	11	0	22
website_crm_partner_assign	deep	done	network	3.0	8	6	22
website_event	deep	done	network	3.0	7	8	22
website_slides	deep	done	network	3.0	8	6	22
im_livechat	deep	done	network	6.0	8	5	21
point_of_sale	deep	done	chain	3.0	7	7	21
website_event_track	deep	done	network	3.0	6	9	21
event_booth_sale	deep	done	network	3.0	10	0	20
event_sale	deep	done	network	3.0	10	0	20
purchase_requisition	deep	done	support	4.2	10	0	20
sale_loyalty	deep	done	chain	3.0	10	0	20
survey	deep	done	support	13.0	6	8	20
web	deep	done	support	8.0	4	12	20
event	deep	done	network	3.0	8	3	19
lunch	deep	done	support	7.0	9	1	19
purchase	deep	done	support	4.2	7	5	19
sms	deep	done	support	9.4	9	1	19
website_sale	deep	done	network	3.0	6	7	19
website_sale_loyalty	deep	done	network	3.0	7	5	19
account_edi_ubl_cii	deep	done	support	9.0	9	0	18
mail_plugin	deep	done	support	8.0	3	12	18
mrp	deep	done	chain	4.3	9	0	18
pos_self_order	deep	done	network	3.0	6	6	18
test_inherits	test	todo	support	13.0	9	0	18
website_hr_recruitment	deep	done	network	7.0	6	6	18
bus	deep	done	support	8.0	5	7	17
hr_skills	deep	done	support	7.0	8	1	17
payment	deep	done	network	9.0	6	5	17
pos_online_payment	deep	done	chain	3.0	7	3	17
sale_timesheet	deep	done	shop	5.0	8	1	17
sms_twilio	deep	done	support	9.4	8	1	17
gamification	deep	done	support	7.0	8	0	16
l10n_fr_pdp	baseline	todo	support	9.0	7	2	16
mass_mailing	deep	done	network	3.0	6	4	16
repair	deep	done	chain	4.0	8	0	16
stock_delivery	deep	done	chain	4.4	8	0	16
stock_picking_batch	deep	done	chain	4.0	8	0	16
test_mail_full	test	todo	support	13.0	6	4	16
website_event_track_quiz	deep	done	network	3.0	6	4	16
website_sale_wishlist	deep	done	network	3.0	6	4	16
crm	deep	done	shop	3.0	6	3	15
hr_attendance	deep	done	support	7.0	5	5	15
portal	deep	done	network	6.0	4	7	15
product	deep	done	support	2.0	6	3	15
sale_pdf_quote_builder	deep	done	chain	3.0	7	1	15
website_event_exhibitor	deep	done	network	3.0	6	3	15
account_edi	deep	done	support	9.0	7	0	14
account_peppol_response	deep	done	support	9.0	7	0	14
analytic	deep	done	support	9.0	7	0	14
auth_timeout	deep	done	support	8.0	5	4	14
fleet	deep	done	support	10.0	7	0	14
loyalty	deep	done	support	3.0	6	2	14
microsoft_calendar	deep	done	support	8.0	6	2	14
pos_event	deep	done	chain	3.0	7	0	14
sale_stock	deep	done	chain	4.0	6	2	14
test_inherit	test	todo	support	13.0	7	0	14
test_mail_sms	test	todo	support	13.0	7	0	14
utm	deep	done	support	3.0	7	0	14
website_forum	deep	done	network	3.0	5	4	14
website_profile	deep	done	network	3.0	3	8	14
website_slides_survey	deep	done	network	3.0	6	2	14
calendar	deep	done	support	13.0	5	3	13
mail_group	deep	done	network	9.4	5	3	13
payment_adyen	deep	done	network	9.0	4	5	13
spreadsheet	deep	done	support	13.0	6	1	13
website_payment	deep	done	network	3.0	4	5	13
auth_signup	deep	done	support	8.0	4	4	12
crm_iap_mine	deep	done	shop	3.0	6	0	12
delivery	deep	done	chain	4.4	5	2	12
event_crm	deep	done	network	3.0	6	0	12
google_calendar	deep	done	support	8.0	5	2	12
google_gmail	deep	done	support	8.0	5	2	12
hr	deep	done	support	7.0	6	0	12
hr_expense	deep	done	support	7.0	6	0	12
hr_holidays	deep	done	support	7.0	5	2	12
maintenance	deep	done	support	10.0	6	0	12
microsoft_outlook	deep	done	support	8.0	5	2	12
phone_validation	deep	done	support	8.0	6	0	12
pos_restaurant	deep	done	chain	3.0	6	0	12
product_expiry	deep	done	chain	4.0	6	0	12
sale	deep	done	chain	3.0	5	2	12
stock_account	deep	done	support	9.0	6	0	12
test_access_rights	test	todo	support	13.0	6	0	12
website_blog	deep	done	network	3.0	4	4	12
website_event_booth	deep	done	network	3.0	3	6	12
auth_oauth	deep	done	support	8.0	4	3	11
base_setup	deep	done	support	8.0	4	3	11
digest	deep	done	support	13.0	4	3	11
hr_timesheet	deep	done	shop	5.0	5	1	11
marketing_card	deep	done	network	3.0	4	3	11
payment_stripe	deep	done	network	9.0	3	5	11
sale_management	deep	done	chain	3.0	5	1	11
account_check_printing	deep	done	support	9.0	5	0	10
barcodes	deep	done	support	8.0	5	0	10
event_booth	deep	done	network	3.0	5	0	10
hr_recruitment	deep	done	support	7.0	5	0	10
l10n_hr_edi	baseline	todo	support	9.0	5	0	10
l10n_my_edi	baseline	todo	support	9.0	5	0	10
payment_mercado_pago	deep	done	network	9.0	3	4	10
resource	deep	done	support	7.0	5	0	10
spreadsheet_dashboard	deep	done	support	13.0	3	4	10
web_unsplash	deep	done	support	8.0	3	4	10
website_sale_comparison	deep	done	network	3.0	4	2	10
auth_passkey	deep	done	support	8.0	4	1	9
auth_totp	deep	done	support	8.0	4	1	9
base_import	deep	done	support	8.0	4	1	9
base_vat	deep	done	support	9.0	4	1	9
payment_flutterwave	deep	done	network	9.0	3	3	9
payment_razorpay	deep	done	network	9.0	3	3	9
auth_ldap	deep	done	support	8.0	4	0	8
base_geolocalize	deep	done	support	8.0	4	0	8
hr_work_entry	deep	done	support	7.0	4	0	8
http_routing	deep	done	support	8.0	3	2	8
l10n_ar_withholding	baseline	todo	support	9.0	4	0	8
l10n_in	baseline	todo	support	9.0	4	0	8
onboarding	deep	done	support	13.0	4	0	8
privacy_lookup	deep	done	support	13.0	4	0	8
rating	deep	done	support	6.0	3	2	8
sales_team	deep	done	support	3.0	4	0	8
test_search_panel	test	todo	support	13.0	4	0	8
web_tour	deep	done	support	8.0	4	0	8
website_crm_iap_reveal	deep	done	network	3.0	4	0	8
website_customer	deep	done	network	3.0	3	2	8
api_doc	deep	done	support	13.0	1	5	7
base_automation	deep	done	support	8.0	3	1	7
crm_mail_plugin	deep	done	shop	3.0	1	5	7
hr_org_chart	deep	done	support	7.0	2	3	7
l10n_dk_nemhandel	baseline	todo	support	9.0	2	3	7
l10n_id_efaktur_coretax	baseline	todo	support	9.0	3	1	7
link_tracker	deep	done	support	3.0	3	1	7
mail_bot	deep	done	support	9.4	3	1	7
payment_xendit	deep	done	network	9.0	2	3	7
website_links	deep	done	network	3.0	1	5	7
iap	deep	done	support	8.0	3	0	6
l10n_account_withholding_tax	baseline	todo	support	9.0	3	0	6
l10n_eg_edi_eta	baseline	todo	support	9.0	3	0	6
l10n_in_ewaybill	baseline	todo	support	9.0	3	0	6
l10n_latam_check	baseline	todo	support	9.0	3	0	6
l10n_pe_pos	baseline	todo	support	9.0	3	0	6
l10n_ro_edi	baseline	todo	support	9.0	2	2	6
l10n_vn_edi_viettel	baseline	todo	support	9.0	3	0	6
stock_landed_costs	deep	done	support	9.0	3	0	6
test_converter	test	todo	support	13.0	3	0	6
l10n_tw_edi_ecpay	baseline	todo	support	9.0	2	1	5
l10n_tw_edi_ecpay_website_sale	baseline	todo	support	9.0	0	5	5
microsoft_account	deep	done	support	8.0	2	1	5
pos_safaricom	baseline	todo	chain	3.0	1	3	5
rpc	deep	done	support	8.0	0	5	5
account_test	baseline	todo	support	9.0	2	0	4
base_install_request	baseline	todo	support	8.0	2	0	4
certificate	deep	done	support	8.0	2	0	4
data_recycle	deep	done	support	13.0	2	0	4
l10n_ar_pos	baseline	todo	support	9.0	2	0	4
l10n_ch	baseline	todo	support	9.0	2	0	4
l10n_dk_nemhandel_response	baseline	todo	support	9.0	2	0	4
l10n_fr_pos_cert	baseline	todo	support	9.0	2	0	4
l10n_gr_edi	baseline	todo	support	9.0	2	0	4
l10n_hu_edi	baseline	todo	support	9.0	2	0	4
l10n_it_edi	baseline	todo	support	9.0	2	0	4
l10n_pe	baseline	todo	support	9.0	1	2	4
l10n_sa_edi	baseline	todo	support	9.0	2	0	4
l10n_tr_nilvera	baseline	todo	support	9.0	2	0	4
l10n_tr_nilvera_einvoice	baseline	todo	support	9.0	2	0	4
l10n_tr_nilvera_einvoice_extended	baseline	todo	support	9.0	2	0	4
test_action_bindings	test	todo	support	13.0	2	0	4
test_convert	test	todo	support	13.0	2	0	4
test_rpc	test	todo	support	13.0	2	0	4
test_translation_import	test	todo	support	13.0	2	0	4
transifex	baseline	todo	support	13.0	2	0	4
base_import_module	baseline	todo	support	8.0	1	1	3
board	deep	done	support	13.0	1	1	3
google_account	deep	done	support	8.0	1	1	3
l10n_id	baseline	todo	support	9.0	1	1	3
payment_toss_payments	baseline	todo	network	9.0	0	3	3
project_mail_plugin	deep	done	shop	5.0	0	3	3
website_partner	deep	done	network	3.0	1	1	3
account_debit_note	baseline	todo	support	9.0	1	0	2
account_edi_proxy_client	baseline	todo	support	9.0	1	0	2
account_update_tax_tags	baseline	todo	support	9.0	1	0	2
base_address_extended	baseline	todo	support	8.0	1	0	2
base_sparse_field	baseline	todo	support	8.0	1	0	2
cloud_storage_migration	baseline	todo	support	13.0	1	0	2
google_address_autocomplete	baseline	todo	support	13.0	0	2	2
hr_homeworking	baseline	todo	support	7.0	1	0	2
hr_homeworking_calendar	baseline	todo	support	7.0	1	0	2
hr_recruitment_skills	baseline	todo	support	7.0	1	0	2
hr_timesheet_attendance	baseline	todo	support	7.0	1	0	2
iap_mail	baseline	todo	support	8.0	1	0	2
l10n_anz_ubl_pint	baseline	todo	support	9.0	1	0	2
l10n_ar	baseline	todo	support	9.0	1	0	2
l10n_br	baseline	todo	support	9.0	1	0	2
l10n_cz	baseline	todo	support	9.0	1	0	2
l10n_dk	baseline	todo	support	9.0	1	0	2
l10n_dk_oioubl	baseline	todo	support	9.0	1	0	2
l10n_ec	baseline	todo	support	9.0	1	0	2
l10n_es_edi_facturae	baseline	todo	support	9.0	1	0	2
l10n_es_edi_tbai	baseline	todo	support	9.0	1	0	2
l10n_es_edi_verifactu	baseline	todo	support	9.0	1	0	2
l10n_fr_account	baseline	todo	support	9.0	1	0	2
l10n_in_edi	baseline	todo	support	9.0	1	0	2
l10n_in_hr_holidays	baseline	todo	support	9.0	1	0	2
l10n_it_edi_doi	baseline	todo	support	9.0	1	0	2
l10n_jo_edi	baseline	todo	support	9.0	1	0	2
l10n_jo_edi_pos	baseline	todo	support	9.0	1	0	2
l10n_jp_ubl_pint	baseline	todo	support	9.0	1	0	2
l10n_ke	baseline	todo	support	9.0	1	0	2
l10n_latam_base	baseline	todo	support	9.0	1	0	2
l10n_latam_invoice_document	baseline	todo	support	9.0	1	0	2
l10n_mt_pos	baseline	todo	support	9.0	1	0	2
l10n_my_ubl_pint	baseline	todo	support	9.0	1	0	2
l10n_ph	baseline	todo	support	9.0	1	0	2
l10n_pl	baseline	todo	support	9.0	1	0	2
l10n_pl_bank_verification	baseline	todo	support	9.0	1	0	2
l10n_ro_cpv_code	baseline	todo	support	9.0	1	0	2
l10n_rs_edi	baseline	todo	support	9.0	1	0	2
l10n_sg	baseline	todo	support	9.0	1	0	2
l10n_sg_ubl_pint	baseline	todo	support	9.0	1	0	2
l10n_tr_nilvera_edispatch	baseline	todo	support	9.0	1	0	2
partner_autocomplete	baseline	todo	support	13.0	1	0	2
partnership	baseline	todo	chain	3.0	1	0	2
payment_aps	baseline	todo	network	9.0	0	2	2
payment_asiapay	baseline	todo	network	9.0	0	2	2
payment_buckaroo	baseline	todo	network	9.0	0	2	2
payment_ecpay	baseline	todo	network	9.0	0	2	2
payment_iyzico	baseline	todo	network	9.0	0	2	2
payment_mollie	baseline	todo	network	9.0	0	2	2
payment_nuvei	baseline	todo	network	9.0	0	2	2
payment_paymob	baseline	todo	network	9.0	0	2	2
payment_paypal	baseline	todo	network	9.0	0	2	2
payment_redsys	baseline	todo	network	9.0	0	2	2
payment_worldline	baseline	todo	network	9.0	0	2	2
pos_edi_ubl	baseline	todo	chain	3.0	1	0	2
pos_event_sale	baseline	todo	chain	3.0	1	0	2
pos_online_payment_self_order	baseline	todo	chain	3.0	0	2	2
pos_self_order_pine_labs	baseline	todo	chain	3.0	0	2	2
pos_self_order_razorpay	baseline	todo	chain	3.0	0	2	2
pos_self_order_stripe	baseline	todo	chain	3.0	0	2	2
product_margin	baseline	todo	support	2.0	1	0	2
project_todo	baseline	todo	shop	5.0	1	0	2
purchase_edi_ubl_bis3	baseline	todo	support	4.2	1	0	2
purchase_stock	baseline	todo	support	4.2	1	0	2
sale_crm	baseline	todo	chain	3.0	1	0	2
sale_edi_ubl	baseline	todo	chain	3.0	1	0	2
snailmail	baseline	todo	support	9.4	1	0	2
stock_sms	baseline	todo	chain	4.0	1	0	2
test_auth_custom	test	todo	support	13.0	0	2	2
test_html_field_history	test	todo	support	13.0	1	0	2
test_inherit_depends	test	todo	support	13.0	1	0	2
test_main_flows	test	todo	support	13.0	1	0	2
test_resource	test	todo	support	13.0	1	0	2
test_spreadsheet	test	todo	support	13.0	1	0	2
test_uninstall	test	todo	support	13.0	1	0	2
uom	baseline	todo	support	2.0	1	0	2
website_mail	baseline	todo	network	3.0	0	2	2
website_mass_mailing	baseline	todo	network	3.0	0	2	2
website_sale_collect	baseline	todo	network	3.0	0	2	2
website_sale_stock	baseline	todo	network	3.0	0	2	2
auth_totp_mail	baseline	todo	support	8.0	0	1	1
cloud_storage	baseline	todo	support	13.0	0	1	1
iot_drivers	baseline	todo	support	13.0	0	1	1
payment_authorize	baseline	todo	network	9.0	0	1	1
payment_custom	baseline	todo	network	9.0	0	1	1
payment_demo	baseline	todo	network	9.0	0	1	1
payment_dpo	baseline	todo	network	9.0	0	1	1
portal_rating	baseline	todo	network	6.0	0	1	1
pos_adyen	baseline	todo	chain	3.0	0	1	1
pos_mercado_pago	baseline	todo	chain	3.0	0	1	1
pos_mollie	baseline	todo	chain	3.0	0	1	1
pos_qfpay	baseline	todo	chain	3.0	0	1	1
pos_restaurant_adyen	baseline	todo	chain	3.0	0	1	1
pos_self_order_viva_com	baseline	todo	chain	3.0	0	1	1
pos_viva_com	baseline	todo	chain	3.0	0	1	1
project_purchase	baseline	todo	shop	5.0	0	1	1
sale_gelato	baseline	todo	chain	3.0	0	1	1
test_assetsbundle	test	todo	support	13.0	0	1	1
website_event_booth_sale	baseline	todo	network	3.0	0	1	1
website_event_sale	baseline	todo	network	3.0	0	1	1
website_event_track_live	baseline	todo	network	3.0	0	1	1
website_google_map	baseline	todo	network	3.0	0	1	1
website_livechat	baseline	todo	network	3.0	0	1	1
website_mail_group	baseline	todo	network	3.0	0	1	1
website_sale_mondialrelay	baseline	todo	network	3.0	0	1	1
website_sale_mrp	baseline	todo	network	3.0	0	1	1
website_sale_slides	baseline	todo	network	3.0	0	1	1
website_sale_stock_wishlist	baseline	todo	network	3.0	0	1	1
account_add_gln	baseline	todo	support	9.0	0	0	0
account_fleet	baseline	todo	support	9.0	0	0	0
account_peppol_advanced_fields	baseline	todo	support	9.0	0	0	0
account_qr_code_emv	baseline	todo	support	9.0	0	0	0
account_qr_code_sepa	baseline	todo	support	9.0	0	0	0
account_tax_python	baseline	todo	support	9.0	0	0	0
attachment_indexation	baseline	todo	support	13.0	0	0	0
auth_passkey_portal	baseline	todo	support	8.0	0	0	0
auth_password_policy	baseline	todo	support	8.0	0	0	0
auth_password_policy_portal	baseline	todo	support	8.0	0	0	0
auth_password_policy_signup	baseline	todo	support	8.0	0	0	0
auth_totp_portal	baseline	todo	support	8.0	0	0	0
barcodes_gs1_nomenclature	baseline	todo	chain	4.0	0	0	0
base_iban	baseline	todo	support	8.0	0	0	0
calendar_sms	baseline	todo	support	13.0	0	0	0
cloud_storage_azure	baseline	todo	support	13.0	0	0	0
cloud_storage_google	baseline	todo	support	13.0	0	0	0
contacts	baseline	todo	support	13.0	0	0	0
crm_iap_enrich	baseline	todo	shop	3.0	0	0	0
crm_livechat	baseline	todo	shop	3.0	0	0	0
crm_sms	baseline	todo	shop	3.0	0	0	0
delivery_mondialrelay	baseline	todo	chain	4.4	0	0	0
delivery_stock_picking_batch	baseline	todo	chain	4.4	0	0	0
event_crm_sale	baseline	todo	network	3.0	0	0	0
event_product	baseline	todo	network	3.0	0	0	0
event_sms	baseline	todo	network	3.0	0	0	0
gamification_sale_crm	baseline	todo	support	7.0	0	0	0
google_recaptcha	baseline	todo	support	13.0	0	0	0
hr_calendar	baseline	todo	support	7.0	0	0	0
hr_fleet	baseline	todo	support	7.0	0	0	0
hr_gamification	baseline	todo	support	7.0	0	0	0
hr_holidays_homeworking	baseline	todo	support	7.0	0	0	0
hr_hourly_cost	baseline	todo	support	7.0	0	0	0
hr_livechat	baseline	todo	support	7.0	0	0	0
hr_maintenance	baseline	todo	support	7.0	0	0	0
hr_presence	baseline	todo	support	7.0	0	0	0
hr_recruitment_sms	baseline	todo	support	7.0	0	0	0
hr_recruitment_survey	baseline	todo	support	7.0	0	0	0
hr_skills_event	baseline	todo	support	7.0	0	0	0
hr_skills_slides	baseline	todo	support	7.0	0	0	0
hr_skills_survey	baseline	todo	support	7.0	0	0	0
hr_work_entry_holidays	baseline	todo	support	7.0	0	0	0
html_builder	baseline	todo	support	13.0	0	0	0
iap_crm	baseline	todo	support	8.0	0	0	0
iot_base	baseline	todo	support	13.0	0	0	0
iot_box_image	baseline	todo	support	13.0	0	0	0
l10n_account_edi_ubl_cii_tests	baseline	todo	support	9.0	0	0	0
l10n_account_withholding_tax_pos	baseline	todo	support	9.0	0	0	0
l10n_ae	baseline	todo	support	9.0	0	0	0
l10n_ae_pos	baseline	todo	support	9.0	0	0	0
l10n_ar_stock	baseline	todo	support	9.0	0	0	0
l10n_ar_website_sale	baseline	todo	support	9.0	0	0	0
l10n_at	baseline	todo	support	9.0	0	0	0
l10n_au	baseline	todo	support	9.0	0	0	0
l10n_bd	baseline	todo	support	9.0	0	0	0
l10n_be	baseline	todo	support	9.0	0	0	0
l10n_be_pos_restaurant	baseline	todo	support	9.0	0	0	0
l10n_be_pos_sale	baseline	todo	support	9.0	0	0	0
l10n_bf	baseline	todo	support	9.0	0	0	0
l10n_bg	baseline	todo	support	9.0	0	0	0
l10n_bg_ledger	baseline	todo	support	9.0	0	0	0
l10n_bh	baseline	todo	support	9.0	0	0	0
l10n_bj	baseline	todo	support	9.0	0	0	0
l10n_bo	baseline	todo	support	9.0	0	0	0
l10n_br_sales	baseline	todo	support	9.0	0	0	0
l10n_br_website_sale	baseline	todo	support	9.0	0	0	0
l10n_ca	baseline	todo	support	9.0	0	0	0
l10n_cd	baseline	todo	support	9.0	0	0	0
l10n_cf	baseline	todo	support	9.0	0	0	0
l10n_cg	baseline	todo	support	9.0	0	0	0
l10n_ch_pos	baseline	todo	support	9.0	0	0	0
l10n_ci	baseline	todo	support	9.0	0	0	0
l10n_cl	baseline	todo	support	9.0	0	0	0
l10n_cm	baseline	todo	support	9.0	0	0	0
l10n_cn	baseline	todo	support	9.0	0	0	0
l10n_cn_city	baseline	todo	support	9.0	0	0	0
l10n_co	baseline	todo	support	9.0	0	0	0
l10n_co_pos	baseline	todo	support	9.0	0	0	0
l10n_cr	baseline	todo	support	9.0	0	0	0
l10n_cy	baseline	todo	support	9.0	0	0	0
l10n_de	baseline	todo	support	9.0	0	0	0
l10n_din5008	baseline	todo	support	9.0	0	0	0
l10n_din5008_expense	baseline	todo	support	9.0	0	0	0
l10n_din5008_purchase	baseline	todo	support	9.0	0	0	0
l10n_din5008_repair	baseline	todo	support	9.0	0	0	0
l10n_din5008_sale	baseline	todo	support	9.0	0	0	0
l10n_din5008_stock	baseline	todo	support	9.0	0	0	0
l10n_dk_fik	baseline	todo	support	9.0	0	0	0
l10n_do	baseline	todo	support	9.0	0	0	0
l10n_dz	baseline	todo	support	9.0	0	0	0
l10n_ec_sale	baseline	todo	support	9.0	0	0	0
l10n_ec_stock	baseline	todo	support	9.0	0	0	0
l10n_ee	baseline	todo	support	9.0	0	0	0
l10n_eg	baseline	todo	support	9.0	0	0	0
l10n_es	baseline	todo	support	9.0	0	0	0
l10n_es_edi_sii	baseline	todo	support	9.0	0	0	0
l10n_es_edi_tbai_pos	baseline	todo	support	9.0	0	0	0
l10n_es_edi_verifactu_pos	baseline	todo	support	9.0	0	0	0
l10n_es_pos	baseline	todo	support	9.0	0	0	0
l10n_et	baseline	todo	support	9.0	0	0	0
l10n_eu_oss	baseline	todo	support	9.0	0	0	0
l10n_fi	baseline	todo	support	9.0	0	0	0
l10n_fi_sale	baseline	todo	support	9.0	0	0	0
l10n_fr	baseline	todo	support	9.0	0	0	0
l10n_fr_facturx_chorus_pro	baseline	todo	support	9.0	0	0	0
l10n_fr_hr_holidays	baseline	todo	support	9.0	0	0	0
l10n_fr_hr_work_entry_holidays	baseline	todo	support	9.0	0	0	0
l10n_fr_pdp_pos	baseline	todo	support	9.0	0	0	0
l10n_ga	baseline	todo	support	9.0	0	0	0
l10n_gcc_invoice	baseline	todo	support	9.0	0	0	0
l10n_gcc_invoice_stock_account	baseline	todo	support	9.0	0	0	0
l10n_gcc_pos	baseline	todo	support	9.0	0	0	0
l10n_gn	baseline	todo	support	9.0	0	0	0
l10n_gq	baseline	todo	support	9.0	0	0	0
l10n_gr	baseline	todo	support	9.0	0	0	0
l10n_gt	baseline	todo	support	9.0	0	0	0
l10n_gw	baseline	todo	support	9.0	0	0	0
l10n_hk	baseline	todo	support	9.0	0	0	0
l10n_hn	baseline	todo	support	9.0	0	0	0
l10n_hr	baseline	todo	support	9.0	0	0	0
l10n_hr_kuna	baseline	todo	support	9.0	0	0	0
l10n_hu	baseline	todo	support	9.0	0	0	0
l10n_id_pos	baseline	todo	support	9.0	0	0	0
l10n_ie	baseline	todo	support	9.0	0	0	0
l10n_il	baseline	todo	support	9.0	0	0	0
l10n_in_ewaybill_irn	baseline	todo	support	9.0	0	0	0
l10n_in_ewaybill_stock	baseline	todo	support	9.0	0	0	0
l10n_in_pos	baseline	todo	support	9.0	0	0	0
l10n_in_purchase_stock	baseline	todo	support	9.0	0	0	0
l10n_in_sale	baseline	todo	support	9.0	0	0	0
l10n_in_sale_stock	baseline	todo	support	9.0	0	0	0
l10n_in_stock	baseline	todo	support	9.0	0	0	0
l10n_iq	baseline	todo	support	9.0	0	0	0
l10n_it	baseline	todo	support	9.0	0	0	0
l10n_it_edi_sale	baseline	todo	support	9.0	0	0	0
l10n_it_stock_ddt	baseline	todo	support	9.0	0	0	0
l10n_jo	baseline	todo	support	9.0	0	0	0
l10n_jp	baseline	todo	support	9.0	0	0	0
l10n_ke_edi_tremol	baseline	todo	support	9.0	0	0	0
l10n_kh	baseline	todo	support	9.0	0	0	0
l10n_km	baseline	todo	support	9.0	0	0	0
l10n_kr	baseline	todo	support	9.0	0	0	0
l10n_kw	baseline	todo	support	9.0	0	0	0
l10n_kz	baseline	todo	support	9.0	0	0	0
l10n_lb_account	baseline	todo	support	9.0	0	0	0
l10n_lk	baseline	todo	support	9.0	0	0	0
l10n_lt	baseline	todo	support	9.0	0	0	0
l10n_lu	baseline	todo	support	9.0	0	0	0
l10n_lv	baseline	todo	support	9.0	0	0	0
l10n_ma	baseline	todo	support	9.0	0	0	0
l10n_mc	baseline	todo	support	9.0	0	0	0
l10n_ml	baseline	todo	support	9.0	0	0	0
l10n_mn	baseline	todo	support	9.0	0	0	0
l10n_mr	baseline	todo	support	9.0	0	0	0
l10n_mt	baseline	todo	support	9.0	0	0	0
l10n_mu_account	baseline	todo	support	9.0	0	0	0
l10n_mx	baseline	todo	support	9.0	0	0	0
l10n_my	baseline	todo	support	9.0	0	0	0
l10n_my_edi_pos	baseline	todo	support	9.0	0	0	0
l10n_mz	baseline	todo	support	9.0	0	0	0
l10n_ne	baseline	todo	support	9.0	0	0	0
l10n_ng	baseline	todo	support	9.0	0	0	0
l10n_nl	baseline	todo	support	9.0	0	0	0
l10n_no	baseline	todo	support	9.0	0	0	0
l10n_nz	baseline	todo	support	9.0	0	0	0
l10n_om	baseline	todo	support	9.0	0	0	0
l10n_pa	baseline	todo	support	9.0	0	0	0
l10n_pk	baseline	todo	support	9.0	0	0	0
l10n_pl_edi	baseline	todo	support	9.0	0	0	0
l10n_pt	baseline	todo	support	9.0	0	0	0
l10n_qa	baseline	todo	support	9.0	0	0	0
l10n_ro	baseline	todo	support	9.0	0	0	0
l10n_ro_edi_stock	baseline	todo	support	9.0	0	0	0
l10n_ro_edi_stock_batch	baseline	todo	support	9.0	0	0	0
l10n_rs	baseline	todo	support	9.0	0	0	0
l10n_rw	baseline	todo	support	9.0	0	0	0
l10n_sa	baseline	todo	support	9.0	0	0	0
l10n_sa_edi_pos	baseline	todo	support	9.0	0	0	0
l10n_sa_pos	baseline	todo	support	9.0	0	0	0
l10n_sa_withholding_tax	baseline	todo	support	9.0	0	0	0
l10n_se	baseline	todo	support	9.0	0	0	0
l10n_si	baseline	todo	support	9.0	0	0	0
l10n_sk	baseline	todo	support	9.0	0	0	0
l10n_sn	baseline	todo	support	9.0	0	0	0
l10n_syscohada	baseline	todo	support	9.0	0	0	0
l10n_td	baseline	todo	support	9.0	0	0	0
l10n_test_pos_qr_payment	test	todo	support	9.0	0	0	0
l10n_tg	baseline	todo	support	9.0	0	0	0
l10n_th	baseline	todo	support	9.0	0	0	0
l10n_tn	baseline	todo	support	9.0	0	0	0
l10n_tr	baseline	todo	support	9.0	0	0	0
l10n_tr_nilvera_base_vat	baseline	todo	support	9.0	0	0	0
l10n_tw	baseline	todo	support	9.0	0	0	0
l10n_tz_account	baseline	todo	support	9.0	0	0	0
l10n_ua	baseline	todo	support	9.0	0	0	0
l10n_ug	baseline	todo	support	9.0	0	0	0
l10n_uk	baseline	todo	support	9.0	0	0	0
l10n_us	baseline	todo	support	9.0	0	0	0
l10n_us_account	baseline	todo	support	9.0	0	0	0
l10n_uy	baseline	todo	support	9.0	0	0	0
l10n_uy_pos	baseline	todo	support	9.0	0	0	0
l10n_uz	baseline	todo	support	9.0	0	0	0
l10n_ve	baseline	todo	support	9.0	0	0	0
l10n_vn	baseline	todo	support	9.0	0	0	0
l10n_vn_edi_viettel_pos	baseline	todo	support	9.0	0	0	0
l10n_za	baseline	todo	support	9.0	0	0	0
l10n_zm_account	baseline	todo	support	9.0	0	0	0
mail_bot_hr	baseline	todo	support	9.4	0	0	0
mass_mailing_crm	baseline	todo	network	3.0	0	0	0
mass_mailing_crm_sms	baseline	todo	network	3.0	0	0	0
mass_mailing_event	baseline	todo	network	3.0	0	0	0
mass_mailing_event_sms	baseline	todo	network	3.0	0	0	0
mass_mailing_event_track	baseline	todo	network	3.0	0	0	0
mass_mailing_event_track_sms	baseline	todo	network	3.0	0	0	0
mass_mailing_sale	baseline	todo	network	3.0	0	0	0
mass_mailing_sale_sms	baseline	todo	network	3.0	0	0	0
mass_mailing_slides	baseline	todo	network	3.0	0	0	0
mass_mailing_themes	baseline	todo	network	3.0	0	0	0
mrp_landed_costs	baseline	todo	chain	4.3	0	0	0
mrp_product_expiry	baseline	todo	chain	4.3	0	0	0
mrp_repair	baseline	todo	chain	4.0	0	0	0
mrp_subcontracting_account	baseline	todo	support	9.0	0	0	0
mrp_subcontracting_dropshipping	baseline	todo	chain	4.3	0	0	0
mrp_subcontracting_landed_costs	baseline	todo	chain	4.3	0	0	0
mrp_subcontracting_purchase	baseline	todo	chain	4.3	0	0	0
mrp_subcontracting_repair	baseline	todo	chain	4.3	0	0	0
pos_account_tax_python	baseline	todo	chain	3.0	0	0	0
pos_cashdro	baseline	todo	chain	3.0	0	0	0
pos_cashmatic	baseline	todo	chain	3.0	0	0	0
pos_discount	baseline	todo	chain	3.0	0	0	0
pos_dpopay	baseline	todo	chain	3.0	0	0	0
pos_glory_cash	baseline	todo	chain	3.0	0	0	0
pos_hr_restaurant	baseline	todo	chain	3.0	0	0	0
pos_imin	baseline	todo	chain	3.0	0	0	0
pos_mrp	baseline	todo	chain	3.0	0	0	0
pos_pine_labs	baseline	todo	chain	3.0	0	0	0
pos_razorpay	baseline	todo	chain	3.0	0	0	0
pos_repair	baseline	todo	chain	3.0	0	0	0
pos_restaurant_loyalty	baseline	todo	chain	3.0	0	0	0
pos_restaurant_stripe	baseline	todo	chain	3.0	0	0	0
pos_sale_loyalty	baseline	todo	chain	3.0	0	0	0
pos_sale_margin	baseline	todo	chain	3.0	0	0	0
pos_self_order_adyen	baseline	todo	chain	3.0	0	0	0
pos_self_order_qfpay	baseline	todo	chain	3.0	0	0	0
pos_self_order_sale	baseline	todo	chain	3.0	0	0	0
pos_sms	baseline	todo	chain	3.0	0	0	0
pos_stripe	baseline	todo	chain	3.0	0	0	0
product_email_template	baseline	todo	support	2.0	0	0	0
product_matrix	baseline	todo	support	2.0	0	0	0
project_account	baseline	todo	shop	5.0	0	0	0
project_hr_expense	baseline	todo	shop	5.0	0	0	0
project_hr_skills	baseline	todo	shop	5.0	0	0	0
project_mrp	baseline	todo	shop	5.0	0	0	0
project_mrp_account	baseline	todo	shop	5.0	0	0	0
project_mrp_sale	baseline	todo	shop	5.0	0	0	0
project_mrp_stock_landed_costs	baseline	todo	shop	5.0	0	0	0
project_purchase_stock	baseline	todo	shop	5.0	0	0	0
project_sale_expense	baseline	todo	shop	5.0	0	0	0
project_sms	baseline	todo	shop	5.0	0	0	0
project_stock	baseline	todo	shop	5.0	0	0	0
project_stock_account	baseline	todo	shop	5.0	0	0	0
project_stock_landed_costs	baseline	todo	shop	5.0	0	0	0
project_timesheet_holidays	baseline	todo	shop	5.0	0	0	0
purchase_mrp	baseline	todo	support	4.2	0	0	0
purchase_product_matrix	baseline	todo	support	4.2	0	0	0
purchase_repair	baseline	todo	support	4.2	0	0	0
purchase_requisition_sale	baseline	todo	support	4.2	0	0	0
purchase_requisition_stock	baseline	todo	support	4.2	0	0	0
resource_mail	baseline	todo	support	7.0	0	0	0
sale_expense	baseline	todo	support	9.0	0	0	0
sale_expense_margin	baseline	todo	chain	3.0	0	0	0
sale_gelato_stock	baseline	todo	chain	3.0	0	0	0
sale_loyalty_delivery	baseline	todo	chain	3.0	0	0	0
sale_margin	baseline	todo	chain	3.0	0	0	0
sale_mrp	baseline	todo	chain	3.0	0	0	0
sale_mrp_margin	baseline	todo	chain	3.0	0	0	0
sale_product_matrix	baseline	todo	chain	3.0	0	0	0
sale_project	baseline	todo	chain	3.0	0	0	0
sale_project_stock	baseline	todo	chain	3.0	0	0	0
sale_project_stock_account	baseline	todo	chain	3.0	0	0	0
sale_purchase	baseline	todo	chain	3.0	0	0	0
sale_purchase_project	baseline	todo	chain	3.0	0	0	0
sale_purchase_stock	baseline	todo	chain	3.0	0	0	0
sale_service	baseline	todo	chain	3.0	0	0	0
sale_sms	baseline	todo	chain	3.0	0	0	0
sale_stock_margin	baseline	todo	chain	3.0	0	0	0
sale_stock_product_expiry	baseline	todo	chain	3.0	0	0	0
sale_timesheet_margin	baseline	todo	chain	3.0	0	0	0
snailmail_account	baseline	todo	support	9.4	0	0	0
social_media	baseline	todo	support	3.0	0	0	0
spreadsheet_account	baseline	todo	support	13.0	0	0	0
spreadsheet_dashboard_account	baseline	todo	support	13.0	0	0	0
spreadsheet_dashboard_event_sale	baseline	todo	support	13.0	0	0	0
spreadsheet_dashboard_hr_expense	baseline	todo	support	13.0	0	0	0
spreadsheet_dashboard_hr_timesheet	baseline	todo	support	13.0	0	0	0
spreadsheet_dashboard_im_livechat	baseline	todo	support	13.0	0	0	0
spreadsheet_dashboard_pos_hr	baseline	todo	support	13.0	0	0	0
spreadsheet_dashboard_pos_restaurant	baseline	todo	support	13.0	0	0	0
spreadsheet_dashboard_sale	baseline	todo	support	13.0	0	0	0
spreadsheet_dashboard_sale_timesheet	baseline	todo	support	13.0	0	0	0
spreadsheet_dashboard_stock_account	baseline	todo	support	13.0	0	0	0
spreadsheet_dashboard_website_sale	baseline	todo	support	13.0	0	0	0
spreadsheet_dashboard_website_sale_slides	baseline	todo	support	13.0	0	0	0
stock_fleet	baseline	todo	chain	4.0	0	0	0
stock_maintenance	baseline	todo	chain	4.0	0	0	0
survey_crm	baseline	todo	support	13.0	0	0	0
test_crm_full	test	todo	support	13.0	0	0	0
test_data_module	test	todo	support	13.0	0	0	0
test_data_module_install	test	todo	support	13.0	0	0	0
test_discuss_full	test	todo	support	13.0	0	0	0
test_event_full	test	todo	support	13.0	0	0	0
test_inherits_depends	test	todo	support	13.0	0	0	0
test_lint	test	todo	support	13.0	0	0	0
test_mimetypes	test	todo	support	13.0	0	0	0
test_sale_product_configurators	test	todo	support	13.0	0	0	0
test_sale_purchase_edi_ubl	test	todo	support	13.0	0	0	0
test_website_modules	test	todo	support	13.0	0	0	0
test_website_slides_full	test	todo	support	13.0	0	0	0
theme_default	baseline	todo	network	3.0	0	0	0
web_hierarchy	baseline	todo	support	8.0	0	0	0
website_cf_turnstile	baseline	todo	network	3.0	0	0	0
website_crm	baseline	todo	network	3.0	0	0	0
website_crm_livechat	baseline	todo	network	3.0	0	0	0
website_crm_sms	baseline	todo	network	3.0	0	0	0
website_event_booth_exhibitor	baseline	todo	network	3.0	0	0	0
website_event_booth_sale_exhibitor	baseline	todo	network	3.0	0	0	0
website_event_crm	baseline	todo	network	3.0	0	0	0
website_event_track_live_quiz	baseline	todo	network	3.0	0	0	0
website_hr_recruitment_livechat	baseline	todo	network	3.0	0	0	0
website_mass_mailing_sms	baseline	todo	network	3.0	0	0	0
website_project	baseline	todo	network	3.0	0	0	0
website_sale_autocomplete	baseline	todo	network	3.0	0	0	0
website_sale_collect_wishlist	baseline	todo	network	3.0	0	0	0
website_sale_comparison_wishlist	baseline	todo	network	3.0	0	0	0
website_sale_gelato	baseline	todo	network	3.0	0	0	0
website_sale_mass_mailing	baseline	todo	network	3.0	0	0	0
website_slides_forum	baseline	todo	network	3.0	0	0	0
website_sms	baseline	todo	network	3.0	0	0	0
website_timesheet	baseline	todo	network	3.0	0	0	0
